[
  {
    "Id": 1,
    "Email": "Chikku@gmail.com",
    "PasswordHash": "AQAAAAIAAYagAAAAEFh\u002BBjJLXnSajUgR/l4yLrJNJmracxGCUEv1j6WY0ixxC19NyCIIp6BgrGZFW8T8Yg=="
  },
  {
    "Id": 2,
    "Email": "abc@gmail.com",
    "PasswordHash": "AQAAAAIAAYagAAAAEKN9qmLX3JWJP9WjNhxExFHttSUVBJ8oWU4Kr83lAAdF8qxaIWaOMZ3ZgBOiJrbgiw=="
  },
  {
    "Id": 3,
    "Email": "hk@gmail.com",
    "PasswordHash": "AQAAAAIAAYagAAAAEKhAiuZ/a/dH\u002BzxjKLcP3tiWly1nJ0So2TZIE6sfIiLFvJu0HWEBW1iJ/ggJo4niug=="
  },
  {
    "Id": 4,
    "Email": "qwer@gmail.com",
    "PasswordHash": "AQAAAAIAAYagAAAAEBfP25Edk\u002BShXaYpEoPtnJQa120OXBvMZtkRW5crqswZK9/LI2vM1/Nxg67cDs10wA=="
  },
  {
    "Id": 5,
    "Email": "abcc@gmail.com",
    "PasswordHash": "AQAAAAIAAYagAAAAELHCA2SWn6rQTObl8vQaNHdn4MdInCW3a4xfxxr\u002BddRcwrm76AjycaXU7WA0VxvHGA=="
  }
]